一级指标,二级指标,原数据字段,指标含义,单位,正负向,是否保留,问题1用途
高难度知识与逻辑推理,GPQA Diamond,gpqa_diamond,研究生水平科学问答，衡量高难度知识推理能力,percent,正向,是,CRITIC赋权与TOPSIS综合评价
高难度知识与逻辑推理,HLE-Full,hle_full_no_tools,Humanity's Last Exam 无工具成绩，衡量极高难度开放推理,percent,正向,是,CRITIC赋权与TOPSIS综合评价
长文本理解与推理,AA-LCR,aa_lcr,Artificial Analysis 长上下文推理成绩,percent,正向,是,CRITIC赋权与TOPSIS综合评价
代码与科学编程,SciCode,scicode,科学研究代码生成与求解能力,percent,正向,是,CRITIC赋权与TOPSIS综合评价
专业任务能力,GDPval-AA v2,gdpval_aa_v2,专业知识工作任务的相对能力评分,elo,正向,是,CRITIC赋权与TOPSIS综合评价
多模态理解,MMMU-Pro,mmmu_pro_no_tools,无工具多学科多模态理解能力,percent,正向,是,CRITIC赋权与TOPSIS综合评价
文档理解,OmniDocBench,omnidocbench,复杂文档解析与理解能力,percent,正向,是,CRITIC赋权与TOPSIS综合评价
科研文档推理,CharXiv RQ,charxiv_rq_no_tools,科研论文图表与问题推理能力,percent,正向,是,CRITIC赋权与TOPSIS综合评价
多模态数学推理,MathVision,mathvision_no_tools,无工具视觉数学推理能力,percent,正向,是,CRITIC赋权与TOPSIS综合评价
