metric,indicator,dimension,available_models,missing_rate,sample_std,coefficient_of_variation,decision,reason
gpqa_diamond,GPQA Diamond,high_difficulty_reasoning,6,0.0,1.2942179105544764,0.013968892720501636,retain,覆盖率≥75%、非零变异、来源可追溯且具有独立能力含义；小样本高相关不作机械删除
hle_full_no_tools,HLE-Full,high_difficulty_reasoning,5,0.16666666666666663,4.90255035670211,0.10543119046671204,retain,覆盖率≥75%、非零变异、来源可追溯且具有独立能力含义；小样本高相关不作机械删除
aa_lcr,AA-LCR,long_context,6,0.0,2.77254395817271,0.03853431491553454,retain,覆盖率≥75%、非零变异、来源可追溯且具有独立能力含义；小样本高相关不作机械删除
scicode,SciCode,coding,6,0.0,3.5018566504070394,0.06270110385688521,retain,覆盖率≥75%、非零变异、来源可追溯且具有独立能力含义；小样本高相关不作机械删除
gdpval_aa_v2,GDPval-AA v2,professional_tasks,6,0.0,112.34129546460939,0.06904105016774109,retain,覆盖率≥75%、非零变异、来源可追溯且具有独立能力含义；小样本高相关不作机械删除
mmmu_pro_no_tools,MMMU-Pro,multimodal,5,0.16666666666666663,1.4737706741552405,0.018154356666115305,retain,覆盖率≥75%、非零变异、来源可追溯且具有独立能力含义；小样本高相关不作机械删除
omnidocbench,OmniDocBench,document_understanding,5,0.16666666666666663,2.0285462775100784,0.022843989611599985,retain,覆盖率≥75%、非零变异、来源可追溯且具有独立能力含义；小样本高相关不作机械删除
charxiv_rq_no_tools,CharXiv RQ,research_document_reasoning,5,0.16666666666666663,2.982783934514871,0.03526583039152129,retain,覆盖率≥75%、非零变异、来源可追溯且具有独立能力含义；小样本高相关不作机械删除
mathvision_no_tools,MathVision,multimodal_math,5,0.16666666666666663,3.6335932628735406,0.03917198429143533,retain,覆盖率≥75%、非零变异、来源可追溯且具有独立能力含义；小样本高相关不作机械删除
