metric,gpqa_diamond,hle_full_no_tools,aa_lcr,scicode,gdpval_aa_v2,mmmu_pro_no_tools,omnidocbench,charxiv_rq_no_tools,mathvision_no_tools
gpqa_diamond,1.0,-0.5642880936468347,0.753702346348183,0.45588235294117646,0.23190841426097938,0.9210526315789473,-0.20519567041703082,0.20519567041703082,0.6668859288553503
hle_full_no_tools,-0.5642880936468347,1.0,-0.8,0.20519567041703082,0.7,-0.30779350562554625,-0.1,0.3,0.2
aa_lcr,0.753702346348183,-0.8,1.0,0.28988551782622424,-0.2,0.6155870112510925,0.5,0.3,0.2
scicode,0.45588235294117646,0.20519567041703082,0.28988551782622424,1.0,0.6667366910003157,0.34210526315789475,0.7181848464596079,0.9746794344808964,0.5642880936468347
gdpval_aa_v2,0.23190841426097938,0.7,-0.2,0.6667366910003157,1.0,0.41039134083406165,0.1,0.8,0.8
mmmu_pro_no_tools,0.9210526315789473,-0.30779350562554625,0.6155870112510925,0.34210526315789475,0.41039134083406165,1.0,-0.051298917604257706,0.4616902584383194,0.8207826816681233
omnidocbench,-0.20519567041703082,-0.1,0.5,0.7181848464596079,0.1,-0.051298917604257706,1.0,0.6,-0.1
charxiv_rq_no_tools,0.20519567041703082,0.3,0.3,0.9746794344808964,0.8,0.4616902584383194,0.6,1.0,0.7
mathvision_no_tools,0.6668859288553503,0.2,0.2,0.5642880936468347,0.8,0.8207826816681233,-0.1,0.7,1.0
