indicator_key,gpqa_diamond,hle_full_no_tools,aa_lcr,scicode,gdpval_aa_v2,mmmu_pro_no_tools,omnidocbench,charxiv_rq_no_tools,mathvision_no_tools
gpqa_diamond,1.000000,-0.656424,0.831876,0.636120,0.429660,0.950021,-0.045851,0.438216,0.861093
hle_full_no_tools,-0.656424,1.000000,-0.844906,0.225851,0.473435,-0.428706,-0.003268,0.301917,-0.196055
aa_lcr,0.831876,-0.844906,1.000000,0.285198,0.012810,0.773331,0.174498,0.229400,0.670666
scicode,0.636120,0.225851,0.285198,1.000000,0.706273,0.463977,0.589498,0.932613,0.745223
gdpval_aa_v2,0.429660,0.473435,0.012810,0.706273,1.000000,0.471904,-0.139599,0.572554,0.604883
mmmu_pro_no_tools,0.950021,-0.428706,0.773331,0.463977,0.471904,1.000000,-0.201531,0.540726,0.934906
omnidocbench,-0.045851,-0.003268,0.174498,0.589498,-0.139599,-0.201531,1.000000,0.336737,0.053589
charxiv_rq_no_tools,0.438216,0.301917,0.229400,0.932613,0.572554,0.540726,0.336737,1.000000,0.789013
mathvision_no_tools,0.861093,-0.196055,0.670666,0.745223,0.604883,0.934906,0.053589,0.789013,1.000000
